dataset,module,target,model,n_train,n_test,train_MAE,train_MAPE,train_RMSE,train_R2,train_sMAPE,test_MAE,test_MAPE,test_RMSE,test_R2,test_sMAPE,hyperparams
Alibaba 2017,regression,cpu_usage_mean,Elastic Net,8148,2037,0.0529350199363017,84.33140321206311,0.0708371588630939,0.3035116884953324,55.46294287618699,0.054718000718639,87.52166382376204,0.0732072268318828,0.2711855019895667,56.252987523153394,"{""model__alpha"": 0.001, ""model__l1_ratio"": 0.3}"
Alibaba 2017,regression,mem_usage_mean,Elastic Net,8148,2037,0.1043326210195059,32.293752922332125,0.1274689526732703,0.2673826571036403,24.14538538690846,0.1049856618323232,32.268459293432564,0.1282074810224393,0.279115641450975,24.32787107792837,"{""model__alpha"": 0.001, ""model__l1_ratio"": 0.3}"
Alibaba 2017,regression,cpu_usage_peak,Elastic Net,8148,2037,0.1018134337065809,101.54460997988492,0.1448192114627595,0.2632763841333519,59.78764371594068,0.1071905504088804,101.33802490367827,0.1524101235440612,0.200027581291976,60.60302962260848,"{""model__alpha"": 0.001, ""model__l1_ratio"": 0.3}"
Alibaba 2017,regression,mem_usage_peak,Elastic Net,8148,2037,0.1146567803001026,30.604289951777552,0.1372924590495983,0.2704122366762874,25.07732383357762,0.1146640591387039,29.88582071231464,0.1375561973082583,0.2773831020478035,24.90726972042293,"{""model__alpha"": 0.001, ""model__l1_ratio"": 0.3}"
Alibaba 2017,regression,cpu_usage_mean,Lasso Regression,8148,2037,0.0527920055732808,83.39254707162931,0.0705544072625774,0.3090607576987582,55.176628221315816,0.0544330663102663,86.12059569043524,0.0727177239575223,0.2808994079299911,55.84703793973696,"{""model__alpha"": 0.0001}"
Alibaba 2017,regression,mem_usage_mean,Lasso Regression,8148,2037,0.1034180094087063,31.81377516020213,0.1266252617290423,0.277048651173881,23.95370744370729,0.1038567084306706,31.5658869785305,0.1271416966200505,0.291051198455879,24.077981089954584,"{""model__alpha"": 0.0001}"
Alibaba 2017,regression,cpu_usage_peak,Lasso Regression,8148,2037,0.1014528872880166,100.59557917869992,0.1444546595234838,0.2669808095452383,59.60893267806594,0.1066454113861494,100.09244608945632,0.1518405250843431,0.2059958408535748,60.39025139251931,"{""model__alpha"": 0.0001}"
Alibaba 2017,regression,mem_usage_peak,Lasso Regression,8148,2037,0.1133497685021113,30.013248334397165,0.1363327629487691,0.2805764560796872,24.81657647057853,0.1130737427281599,29.04621636506983,0.1363165548647049,0.29034871502447,24.57763830189263,"{""model__alpha"": 0.0001}"
Alibaba 2017,regression,cpu_usage_mean,Linear Regression,8148,2037,0.0528999422589962,85.19314521776516,0.0710852392987155,0.2986247708416615,55.238985456769726,0.0547098254122057,88.80490992853612,0.0736450629051921,0.2624416790483725,55.99950072540397,{}
Alibaba 2017,regression,mem_usage_mean,Linear Regression,8148,2037,0.1044566035254798,32.29168972015944,0.1275574145914121,0.2663654490337864,24.224128727406363,0.1051506657270321,32.21825850316925,0.1283583632229222,0.2774178837204875,24.419108358901184,{}
Alibaba 2017,regression,cpu_usage_peak,Linear Regression,8148,2037,0.1017295801225425,102.3342248492551,0.1450162921605663,0.2612698437274209,59.61152388248655,0.107172933632173,102.43993393839628,0.1529420424315305,0.1944339504652626,60.41396262868519,{}
Alibaba 2017,regression,mem_usage_peak,Linear Regression,8148,2037,0.1149811661649546,30.727559278136923,0.1376369487158421,0.2667463286127344,25.14915691306033,0.1151230316204794,30.07876529083716,0.1380120883623274,0.2725853467368238,24.99993381159151,{}
Alibaba 2017,regression,cpu_usage_mean,Random Forest,8148,2037,0.0506201019285564,82.35173170355483,0.0683845049072337,0.3509069213884616,53.870842249215926,0.0516814610321847,85.00749392399035,0.0699848845354847,0.3339334974892562,54.23599011798209,"{""model__max_depth"": 6}"
Alibaba 2017,regression,mem_usage_mean,Random Forest,8148,2037,0.1002609729816715,31.07802315947932,0.1245269193198072,0.3008105789997757,23.025105056902305,0.1000296646150185,30.589366242115524,0.124392799335121,0.3213757881612648,22.921987740820637,"{""model__max_depth"": 6}"
Alibaba 2017,regression,cpu_usage_peak,Random Forest,8148,2037,0.0958566098957327,104.8245335185698,0.1348215158313858,0.3614856735212641,57.73060321222128,0.0997942647692791,106.82856435287891,0.1417266303489531,0.3082481860244227,57.941075329496925,"{""model__max_depth"": 12}"
Alibaba 2017,regression,mem_usage_peak,Random Forest,8148,2037,0.109547349374289,28.987958376396207,0.1339407121890915,0.3056005286501145,23.80475930932426,0.1081247176470658,27.62934760481684,0.1329913993905566,0.3245473622707113,23.264330326879517,"{""model__max_depth"": 12}"
Alibaba 2017,regression,cpu_usage_mean,Ridge Regression,8148,2037,0.0528999455225446,85.1930790281698,0.0710852393022668,0.2986247707715833,55.23900867696875,0.0547098444476363,88.80482986982157,0.0736450634210702,0.2624416687152925,55.999543639048674,"{""model__alpha"": 0.001}"
Alibaba 2017,regression,mem_usage_mean,Ridge Regression,8148,2037,0.1041931234142918,32.558484972702495,0.1277125834659295,0.2645794848490327,23.930084566848198,0.1046587156127145,32.83725775880069,0.1284170386393448,0.2767571165372675,24.01650127003757,"{""model__alpha"": 100}"
Alibaba 2017,regression,cpu_usage_peak,Ridge Regression,8148,2037,0.1017296204681563,102.334178742324,0.145016292170657,0.2612698436246145,59.611572563757576,0.1071729715084648,102.439840715267,0.1529419893959077,0.1944345091565027,60.41401075764289,"{""model__alpha"": 0.001}"
Alibaba 2017,regression,mem_usage_peak,Ridge Regression,8148,2037,0.1149127421871598,30.686333312732977,0.1376417735829004,0.2666949192560579,25.08255224146729,0.1150239776155102,30.013629069736165,0.1379940443921672,0.2727755415296123,24.92498372960852,"{""model__alpha"": 10}"
Alibaba 2017,regression,cpu_usage_mean,Stepwise Regression,8148,2037,0.0527580058381264,86.72795326860775,0.0698211881715674,0.3233469647403421,56.56364803321694,0.0541673544496905,90.1034610470438,0.0717506248459114,0.2998993722523106,57.55240340756704,"{""n_selected"": 11, ""alpha"": 3.601885720697748e-05}"
Alibaba 2017,regression,mem_usage_mean,Stepwise Regression,8148,2037,0.1012400648554908,31.28253509903676,0.1248846050195196,0.2967881679011254,23.62880070751161,0.1009525491094841,30.83964761975125,0.1246430870572502,0.3186421542867647,23.64350459939665,"{""n_selected"": 10, ""alpha"": 7.057804170982062e-05}"
Alibaba 2017,regression,cpu_usage_peak,Stepwise Regression,8148,2037,0.100253226837535,101.24471836311888,0.1432735556707872,0.2789185675958983,59.313450909716,0.1048539261203019,100.26378838997154,0.150267678068986,0.2223601013365103,59.87374972580544,"{""n_selected"": 9, ""alpha"": 6.429206582850808e-05}"
Alibaba 2017,regression,mem_usage_peak,Stepwise Regression,8148,2037,0.109399230379649,28.56429720037804,0.1338148530979004,0.3069049180825856,23.751638225959425,0.1077629749873562,26.939768184131736,0.1326022582910989,0.328494411942434,23.190407882993416,"{""n_selected"": 11, ""alpha"": 7.191877069443265e-05}"
Google 2019 Cluster,regression,cpu_usage_mean,Elastic Net,116586,29147,0.0063528829245287,228752280215950.16,0.014385641361751,0.4019247528908053,117.80726718022729,0.0063046827519781,218445231827803.5,0.0136955607400362,0.406177971816836,117.23139963301598,"{""model__alpha"": 0.001, ""model__l1_ratio"": 0.6}"
Google 2019 Cluster,regression,mem_usage_mean,Elastic Net,116586,29147,0.0042121462104208,13994711468310.752,0.0105351326643433,0.5977948966529265,92.89389278190464,0.0041122248714409,12931269917761.805,0.0103307081445595,0.5962039148693734,92.26612791299522,"{""model__alpha"": 0.001, ""model__l1_ratio"": 0.3}"
Google 2019 Cluster,regression,cpu_usage_peak,Elastic Net,116586,29147,0.020776621886553,789847533099829.0,0.0391947269804028,0.4429286039586233,111.44230637322391,0.0206034705988494,761002328531957.2,0.037669414512169,0.4444256020329047,111.07101495195433,"{""model__alpha"": 0.001, ""model__l1_ratio"": 0.6}"
Google 2019 Cluster,regression,mem_usage_peak,Elastic Net,116586,29147,0.0045735153258798,14708648614812.18,0.0107287462984349,0.5952366199248883,93.96090816526043,0.0044714021712802,13607503929180.535,0.0105302625048659,0.5931213897537554,93.35767661748888,"{""model__alpha"": 0.001, ""model__l1_ratio"": 0.3}"
Google 2019 Cluster,regression,cpu_usage_mean,Lasso Regression,116586,29147,0.0064323379253761,229332733658049.97,0.0145591402632683,0.3874115128873316,118.91789969377491,0.0063859781117723,219496309623327.6,0.0138301473477276,0.394449619224528,118.3935011769928,"{""model__alpha"": 0.001}"
Google 2019 Cluster,regression,mem_usage_mean,Lasso Regression,116586,29147,0.0042756450867642,11669355077916.297,0.0101313192954151,0.6280371519198045,106.29891879939896,0.0041962119769137,10482937591770.893,0.009969747781942,0.6239286384858942,105.52362123300188,"{""model__alpha"": 0.0001}"
Google 2019 Cluster,regression,cpu_usage_peak,Lasso Regression,116586,29147,0.0206596833968797,830725270964866.2,0.0380026106535497,0.4763001656452679,114.16690822404776,0.0204047421348577,803097117718736.5,0.0364205821217972,0.4806522552219696,113.4951837026388,"{""model__alpha"": 0.0001}"
Google 2019 Cluster,regression,mem_usage_peak,Lasso Regression,116586,29147,0.0046107198121939,12288476631938.51,0.0103289549738788,0.6248404285950638,106.72730052592613,0.0045294236959001,11079247294363.355,0.0101707197142269,0.6204317859986397,106.03588498233808,"{""model__alpha"": 0.0001}"
Google 2019 Cluster,regression,cpu_usage_mean,Linear Regression,116586,29147,0.006671243982354,209237964321641.6,0.0153097774009643,0.3226157058578193,124.2277156328026,0.0066163518838162,198518620479765.75,0.0144664775225453,0.3374445046855422,123.40258890832936,{}
Google 2019 Cluster,regression,mem_usage_mean,Linear Regression,116586,29147,0.004932090161505,20958337241812.96,0.0117007300867542,0.5038722932325237,115.241022069955,0.0048129719607228,20169498039161.223,0.0113922423301751,0.5089560683892587,114.65031965733677,{}
Google 2019 Cluster,regression,cpu_usage_peak,Linear Regression,116586,29147,0.021629298182388,677481259917417.6,0.0431443728163584,0.3249998143896543,110.00818429911531,0.0214508851270364,649462982817645.8,0.0411575952337049,0.3367695340140455,109.5991160922668,{}
Google 2019 Cluster,regression,mem_usage_peak,Linear Regression,116586,29147,0.0053123703788848,23523293292436.33,0.0119472474953841,0.4980748198636143,114.8122547884818,0.005193001086151,22727025100476.22,0.0116370713011754,0.5030944417878298,114.28044544504016,{}
Google 2019 Cluster,regression,cpu_usage_mean,Random Forest,116586,29147,0.0031079451772602,111087010337419.23,0.0067475844661971,0.8684187433137044,77.49077863820183,0.0031673909058656,111006236557361.23,0.0072803264704224,0.832197519366504,77.87956018433162,"{""model__max_depth"": 12}"
Google 2019 Cluster,regression,mem_usage_mean,Random Forest,116586,29147,0.0014929656946925,13626441766676.713,0.0039431803954425,0.943654290614772,54.36891410433167,0.0015004457900723,13208971169826.678,0.0041012528320673,0.9363592914967408,54.46663974067586,"{""model__max_depth"": 12}"
Google 2019 Cluster,regression,cpu_usage_peak,Random Forest,116586,29147,0.0103044740887905,403541740562056.0,0.0215380994023759,0.8317828285766655,74.04666013880188,0.0103877002767569,401227690076796.9,0.0220268128534395,0.8100375299797458,74.33365045365375,"{""model__max_depth"": 12}"
Google 2019 Cluster,regression,mem_usage_peak,Random Forest,116586,29147,0.0015961370497792,16490467819398.062,0.004078940414728,0.9414943262685828,52.50001159619542,0.0016121063703695,15972975377982.348,0.0042070586434512,0.9350553178374966,52.75644151477062,"{""model__max_depth"": 12}"
Google 2019 Cluster,regression,cpu_usage_mean,Ridge Regression,116586,29147,0.0066711403379561,209263677886222.47,0.0153097795260939,0.3226155178041962,124.21568687727506,0.0066162741902806,198545302329159.6,0.0144663262240359,0.3374583633646143,123.39269249844388,"{""model__alpha"": 100}"
Google 2019 Cluster,regression,mem_usage_mean,Ridge Regression,116586,29147,0.0049308990942474,20897855508652.047,0.0117007415529989,0.5038713208616579,115.2018377305001,0.0048117973951232,20110036821545.31,0.011392191217285,0.50896047465406,114.60712744846916,"{""model__alpha"": 100}"
Google 2019 Cluster,regression,cpu_usage_peak,Ridge Regression,116586,29147,0.0216292981914088,677481262437048.0,0.0431443728163584,0.3249998143896543,110.00818381374351,0.0214508851361984,649462985421060.6,0.0411575952299361,0.336769534135508,109.59911564149678,"{""model__alpha"": 0.001}"
Google 2019 Cluster,regression,mem_usage_peak,Ridge Regression,116586,29147,0.0053113215276223,23458077703561.45,0.0119472594573688,0.4980738147744767,114.79733493544646,0.0051919630709537,22662654207984.094,0.0116370312970613,0.5030978581512766,114.26007635185712,"{""model__alpha"": 100}"
Google 2019 Cluster,regression,cpu_usage_mean,Stepwise Regression,116586,29147,0.006649618943287,278273623575918.1,0.0135627485051057,0.4683904333811919,121.15690324641636,0.0065938312479984,270702033353647.2,0.0129800428641946,0.466605024304879,120.7687243302718,"{""n_selected"": 26, ""alpha"": 1.0582190562592129e-05}"
Google 2019 Cluster,regression,mem_usage_mean,Stepwise Regression,116586,29147,0.0043769337664543,17312607570004.584,0.0098508560058345,0.6483460494042388,108.48194377742996,0.0043245174849486,16272662189448.512,0.009697992254492,0.6441511347995293,107.69722118464156,"{""n_selected"": 24, ""alpha"": 1.1970759149316196e-05}"
Google 2019 Cluster,regression,cpu_usage_peak,Stepwise Regression,116586,29147,0.0205922963853589,876195294600033.9,0.0377509972967235,0.4832119882916758,112.21134867331712,0.0203594448325017,852436804905829.6,0.0361464072891781,0.4884421425652712,111.7877222990308,"{""n_selected"": 27, ""alpha"": 2.9899441377620782e-05}"
Google 2019 Cluster,regression,mem_usage_peak,Stepwise Regression,116586,29147,0.004681211394769,20300369990617.98,0.0100003995878104,0.6483278556328914,109.24055368033449,0.004627768525527,19230948241651.72,0.0098468093990276,0.6442232798310328,108.49464542137054,"{""n_selected"": 22, ""alpha"": 1.1998286747168664e-05}"
